[
  {
    "dutch": "Doen",
    "french": "faire",
    "type": "",
    "id": 1,
    "part": "",
    "chapter": "",
    "tags": [],
    "issuer": "",
    "date": 1729744821437,
    "difficulty": -1
  },
  {
    "dutch": "Maken",
    "french": "fabriquer; créer",
    "type": "",
    "id": 2,
    "part": "",
    "chapter": "",
    "tags": [],
    "issuer": "",
    "date": 1729744821437,
    "difficulty": -1
  },
  {
    "dutch": "Studeren",
    "french": "étudier",
    "type": "",
    "id": 3,
    "part": "",
    "chapter": "",
    "tags": [],
    "issuer": "",
    "date": 1729744821437,
    "difficulty": -1
  },
  {
    "dutch": "Werken",
    "french": "travailler",
    "type": "",
    "id": 4,
    "part": "",
    "chapter": "",
    "tags": [],
    "issuer": "",
    "date": 1729744821437,
    "difficulty": -1
  },
  {
    "dutch": "Antwoorden",
    "french": "répondre",
    "type": "",
    "id": 5,
    "part": "",
    "chapter": "",
    "tags": [],
    "issuer": "",
    "date": 1729744821440,
    "difficulty": -1
  },
  {
    "dutch": "Vragen",
    "french": "demander",
    "type": "",
    "id": 6,
    "part": "",
    "chapter": "",
    "tags": [],
    "issuer": "",
    "date": 1729744821440,
    "difficulty": -1
  },
  {
    "dutch": "Leren",
    "french": "apprendre",
    "type": "",
    "id": 7,
    "part": "",
    "chapter": "",
    "tags": [],
    "issuer": "",
    "date": 1729744821440,
    "difficulty": -1
  },
  {
    "dutch": "Blijven",
    "french": "rester",
    "type": "",
    "id": 8,
    "part": "",
    "chapter": "",
    "tags": [],
    "issuer": "",
    "date": 1729744821440,
    "difficulty": -1
  },
  {
    "dutch": "Spelen",
    "french": "jouer",
    "type": "",
    "id": 9,
    "part": "",
    "chapter": "",
    "tags": [],
    "issuer": "",
    "date": 1729744821440,
    "difficulty": -1
  },
  {
    "dutch": "Kennen",
    "french": "connaître",
    "type": "",
    "id": 10,
    "part": "",
    "chapter": "",
    "tags": [],
    "issuer": "",
    "date": 1729744821440,
    "difficulty": -1
  },
  {
    "dutch": "Praten",
    "french": "parler (discuter)",
    "type": "",
    "id": 11,
    "part": "",
    "chapter": "",
    "tags": [],
    "issuer": "",
    "date": 1729744821440,
    "difficulty": -1
  },
  {
    "dutch": "Geven",
    "french": "donner",
    "type": "",
    "id": 12,
    "part": "",
    "chapter": "",
    "tags": [],
    "issuer": "",
    "date": 1729744821440,
    "difficulty": -1
  },
  {
    "dutch": "Neemt",
    "french": "prendre",
    "type": "",
    "id": 13,
    "part": "",
    "chapter": "",
    "tags": [],
    "issuer": "",
    "date": 1729744821440,
    "difficulty": -1
  },
  {
    "dutch": "Zitten",
    "french": "être assis",
    "type": "",
    "id": 14,
    "part": "",
    "chapter": "",
    "tags": [],
    "issuer": "",
    "date": 1729744821440,
    "difficulty": -1
  },
  {
    "dutch": "Kosten",
    "french": "coûter",
    "type": "",
    "id": 15,
    "part": "",
    "chapter": "",
    "tags": [],
    "issuer": "",
    "date": 1729744821440,
    "difficulty": -1
  },
  {
    "dutch": "Feesten",
    "french": "faire la fête",
    "type": "",
    "id": 16,
    "part": "",
    "chapter": "",
    "tags": [],
    "issuer": "",
    "date": 1729744821440,
    "difficulty": -1
  },
  {
    "dutch": "Vieren",
    "french": "fêter",
    "type": "",
    "id": 17,
    "part": "",
    "chapter": "",
    "tags": [],
    "issuer": "",
    "date": 1729744821440,
    "difficulty": -1
  },
  {
    "dutch": "Hebben",
    "french": "avoir",
    "type": "",
    "id": 18,
    "part": "",
    "chapter": "",
    "tags": [],
    "issuer": "",
    "date": 1729744821440,
    "difficulty": -1
  },
  {
    "dutch": "Zijn",
    "french": "être",
    "type": "",
    "id": 19,
    "part": "",
    "chapter": "",
    "tags": [],
    "issuer": "",
    "date": 1729744821440,
    "difficulty": -1
  },
  {
    "dutch": "Wonen",
    "french": "habiter",
    "type": "",
    "id": 20,
    "part": "",
    "chapter": "",
    "tags": [],
    "issuer": "",
    "date": 1729744821440,
    "difficulty": -1
  },
  {
    "dutch": "Willen",
    "french": "vouloir",
    "type": "",
    "id": 21,
    "part": "",
    "chapter": "",
    "tags": [],
    "issuer": "",
    "date": 1729744821440,
    "difficulty": -1
  },
  {
    "dutch": "Kunnen",
    "french": "pouvoir (capacité)",
    "type": "",
    "id": 22,
    "part": "",
    "chapter": "",
    "tags": [],
    "issuer": "",
    "date": 1729744821440,
    "difficulty": -1
  },
  {
    "dutch": "Weten",
    "french": "savoir",
    "type": "",
    "id": 23,
    "part": "",
    "chapter": "",
    "tags": [],
    "issuer": "",
    "date": 1729744821440,
    "difficulty": -1
  },
  {
    "dutch": "Moeten",
    "french": "devoir",
    "type": "",
    "id": 25,
    "part": "",
    "chapter": "",
    "tags": [],
    "issuer": "",
    "date": 1729744821440,
    "difficulty": -1
  },
  {
    "dutch": "Gaan",
    "french": "aller",
    "type": "",
    "id": 26,
    "part": "",
    "chapter": "",
    "tags": [],
    "issuer": "",
    "date": 1729744821440,
    "difficulty": -1
  },
  {
    "dutch": "Komen",
    "french": "venir",
    "type": "",
    "id": 27,
    "part": "",
    "chapter": "",
    "tags": [],
    "issuer": "",
    "date": 1729744821440,
    "difficulty": -1
  },
  {
    "dutch": "Vertrekken",
    "french": "partir",
    "type": "",
    "id": 28,
    "part": "",
    "chapter": "",
    "tags": [],
    "issuer": "",
    "date": 1729744821440,
    "difficulty": -1
  },
  {
    "dutch": "Lopen",
    "french": "marcher",
    "type": "",
    "id": 29,
    "part": "",
    "chapter": "",
    "tags": [],
    "issuer": "",
    "date": 1729744821440,
    "difficulty": -1
  },
  {
    "dutch": "Rennen",
    "french": "courir",
    "type": "",
    "id": 30,
    "part": "",
    "chapter": "",
    "tags": [],
    "issuer": "",
    "date": 1729744821440,
    "difficulty": -1
  },
  {
    "dutch": "Reizen",
    "french": "voyager",
    "type": "",
    "id": 31,
    "part": "",
    "chapter": "",
    "tags": [],
    "issuer": "",
    "date": 1729744821440,
    "difficulty": -1
  },
  {
    "dutch": "Horen",
    "french": "entendre",
    "type": "",
    "id": 32,
    "part": "",
    "chapter": "",
    "tags": [],
    "issuer": "",
    "date": 1729744821440,
    "difficulty": -1
  },
  {
    "dutch": "Luisteren",
    "french": "écouter",
    "type": "",
    "id": 33,
    "part": "",
    "chapter": "",
    "tags": [],
    "issuer": "",
    "date": 1729744821440,
    "difficulty": -1
  },
  {
    "dutch": "Kijken",
    "french": "regarder",
    "type": "",
    "id": 34,
    "part": "",
    "chapter": "",
    "tags": [],
    "issuer": "",
    "date": 1729744821440,
    "difficulty": -1
  },
  {
    "dutch": "Zien",
    "french": "voir",
    "type": "",
    "id": 35,
    "part": "",
    "chapter": "",
    "tags": [],
    "issuer": "",
    "date": 1729744821440,
    "difficulty": -1
  },
  {
    "dutch": "Bellen",
    "french": "appeler",
    "type": "",
    "id": 36,
    "part": "",
    "chapter": "",
    "tags": [],
    "issuer": "",
    "date": 1729744821440,
    "difficulty": -1
  },
  {
    "dutch": "Terugbellen",
    "french": "rappeler",
    "type": "",
    "id": 37,
    "part": "",
    "chapter": "",
    "tags": [],
    "issuer": "",
    "date": 1729744821440,
    "difficulty": -1
  },
  {
    "dutch": "Spreken",
    "french": "parler",
    "type": "",
    "id": 38,
    "part": "",
    "chapter": "",
    "tags": [],
    "issuer": "",
    "date": 1729744821440,
    "difficulty": -1
  },
  {
    "dutch": "Zeggen",
    "french": "dire",
    "type": "",
    "id": 39,
    "part": "",
    "chapter": "",
    "tags": [],
    "issuer": "",
    "date": 1729744821440,
    "difficulty": -1
  },
  {
    "dutch": "Lezen",
    "french": "lire",
    "type": "",
    "id": 40,
    "part": "",
    "chapter": "",
    "tags": [],
    "issuer": "",
    "date": 1729744821440,
    "difficulty": -1
  },
  {
    "dutch": "Schrijven",
    "french": "écrire",
    "type": "",
    "id": 41,
    "part": "",
    "chapter": "",
    "tags": [],
    "issuer": "",
    "date": 1729744821440,
    "difficulty": -1
  },
  {
    "dutch": "Lachen",
    "french": "rire",
    "type": "",
    "id": 42,
    "part": "",
    "chapter": "",
    "tags": [],
    "issuer": "",
    "date": 1729744821440,
    "difficulty": -1
  },
  {
    "dutch": "Haten",
    "french": "détester",
    "type": "",
    "id": 43,
    "part": "",
    "chapter": "",
    "tags": [],
    "issuer": "",
    "date": 1729744821440,
    "difficulty": -1
  },
  {
    "dutch": "Houden van",
    "french": "aimer",
    "type": "",
    "id": 44,
    "part": "",
    "chapter": "",
    "tags": [],
    "issuer": "",
    "date": 1729744821440,
    "difficulty": -1
  },
  {
    "dutch": "Proficiat",
    "french": "féliciter",
    "type": "",
    "id": 45,
    "part": "",
    "chapter": "",
    "tags": [],
    "issuer": "",
    "date": 1729744821440,
    "difficulty": -1
  },
  {
    "dutch": "Graven",
    "french": "creuser",
    "type": "",
    "id": 47,
    "part": "",
    "chapter": "",
    "tags": [],
    "issuer": "",
    "date": 1729744821440,
    "difficulty": -1
  },
  {
    "dutch": "Verliezen",
    "french": "perdre",
    "type": "",
    "id": 48,
    "part": "",
    "chapter": "",
    "tags": [],
    "issuer": "",
    "date": 1729744821440,
    "difficulty": -1
  },
  {
    "dutch": "Zwemmen",
    "french": "nager",
    "type": "",
    "id": 49,
    "part": "",
    "chapter": "",
    "tags": [],
    "issuer": "",
    "date": 1729744821440,
    "difficulty": -1
  },
  {
    "dutch": "Drinken",
    "french": "boire",
    "type": "",
    "id": 50,
    "part": "",
    "chapter": "",
    "tags": [],
    "issuer": "",
    "date": 1729744821440,
    "difficulty": -1
  },
  {
    "dutch": "Eten",
    "french": "manger",
    "type": "",
    "id": 51,
    "part": "",
    "chapter": "",
    "tags": [],
    "issuer": "",
    "date": 1729744821440,
    "difficulty": -1
  },
  {
    "dutch": "Wassen",
    "french": "laver",
    "type": "",
    "id": 52,
    "part": "",
    "chapter": "",
    "tags": [],
    "issuer": "",
    "date": 1729744821440,
    "difficulty": -1
  },
  {
    "dutch": "Zingen",
    "french": "chanter",
    "type": "",
    "id": 53,
    "part": "",
    "chapter": "",
    "tags": [],
    "issuer": "",
    "date": 1729744821440,
    "difficulty": -1
  },
  {
    "dutch": "Ik",
    "french": "je",
    "type": "",
    "id": 54,
    "part": "",
    "chapter": "",
    "tags": [],
    "issuer": "",
    "date": 1729744821440,
    "difficulty": -1
  },
  {
    "dutch": "Jij / Je",
    "french": "tu",
    "type": "",
    "id": 55,
    "part": "",
    "chapter": "",
    "tags": [],
    "issuer": "",
    "date": 1729744821440,
    "difficulty": -1
  },
  {
    "dutch": "Hij",
    "french": "il",
    "type": "",
    "id": 56,
    "part": "",
    "chapter": "",
    "tags": [],
    "issuer": "",
    "date": 1729744821440,
    "difficulty": -1
  },
  {
    "dutch": "Ze",
    "french": "elle / ils / elles",
    "type": "",
    "id": 57,
    "part": "",
    "chapter": "",
    "tags": [],
    "issuer": "",
    "date": 1729744821440,
    "difficulty": -1
  },
  {
    "dutch": "Wij / We",
    "french": "nous",
    "type": "",
    "id": 58,
    "part": "",
    "chapter": "",
    "tags": [],
    "issuer": "",
    "date": 1729744821440,
    "difficulty": -1
  },
  {
    "dutch": "Jullie",
    "french": "vous (pluriel)",
    "type": "",
    "id": 59,
    "part": "",
    "chapter": "",
    "tags": [],
    "issuer": "",
    "date": 1729744821440,
    "difficulty": -1
  },
  {
    "dutch": "U",
    "french": "vous (formel)",
    "type": "",
    "id": 60,
    "part": "",
    "chapter": "",
    "tags": [],
    "issuer": "",
    "date": 1729744821440,
    "difficulty": -1
  },
  {
    "dutch": "Me",
    "french": "me",
    "type": "",
    "id": 61,
    "part": "",
    "chapter": "",
    "tags": [],
    "issuer": "",
    "date": 1729744821440,
    "difficulty": -1
  },
  {
    "dutch": "Jou",
    "french": "toi",
    "type": "",
    "id": 62,
    "part": "",
    "chapter": "",
    "tags": [],
    "issuer": "",
    "date": 1729744821440,
    "difficulty": -1
  },
  {
    "dutch": "Hem",
    "french": "lui",
    "type": "",
    "id": 63,
    "part": "",
    "chapter": "",
    "tags": [],
    "issuer": "",
    "date": 1729744821440,
    "difficulty": -1
  },
  {
    "dutch": "Haar",
    "french": "elle (objet)",
    "type": "",
    "id": 64,
    "part": "",
    "chapter": "",
    "tags": [],
    "issuer": "",
    "date": 1729744821440,
    "difficulty": -1
  },
  {
    "dutch": "Ons",
    "french": "nous",
    "type": "",
    "id": 65,
    "part": "",
    "chapter": "",
    "tags": [],
    "issuer": "",
    "date": 1729744821440,
    "difficulty": -1
  },
  {
    "dutch": "Hen / Ze",
    "french": "eux (pluriel)",
    "type": "",
    "id": 66,
    "part": "",
    "chapter": "",
    "tags": [],
    "issuer": "",
    "date": 1729744821440,
    "difficulty": -1
  },
  {
    "dutch": "Mijn",
    "french": "mon",
    "type": "",
    "id": 67,
    "part": "",
    "chapter": "",
    "tags": [],
    "issuer": "",
    "date": 1729744821440,
    "difficulty": -1
  },
  {
    "dutch": "Jouw",
    "french": "ton",
    "type": "",
    "id": 68,
    "part": "",
    "chapter": "",
    "tags": [],
    "issuer": "",
    "date": 1729744821440,
    "difficulty": -1
  },
  {
    "dutch": "Zijn",
    "french": "son (à lui)",
    "type": "",
    "id": 69,
    "part": "",
    "chapter": "",
    "tags": [],
    "issuer": "",
    "date": 1729744821440,
    "difficulty": -1
  },
  {
    "dutch": "Haar",
    "french": "son (à elle)",
    "type": "",
    "id": 70,
    "part": "",
    "chapter": "",
    "tags": [],
    "issuer": "",
    "date": 1729744821440,
    "difficulty": -1
  },
  {
    "dutch": "Ons",
    "french": "notre (singulier neutre)",
    "type": "",
    "id": 71,
    "part": "",
    "chapter": "",
    "tags": [],
    "issuer": "",
    "date": 1729744821440,
    "difficulty": -1
  },
  {
    "dutch": "Onze",
    "french": "notre (pluriel)",
    "type": "",
    "id": 72,
    "part": "",
    "chapter": "",
    "tags": [],
    "issuer": "",
    "date": 1729744821440,
    "difficulty": -1
  },
  {
    "dutch": "Hun",
    "french": "leur",
    "type": "",
    "id": 73,
    "part": "",
    "chapter": "",
    "tags": [],
    "issuer": "",
    "date": 1729744821440,
    "difficulty": -1
  },
  {
    "dutch": "Maandag",
    "french": "lundi",
    "type": "",
    "id": 74,
    "part": "",
    "chapter": "",
    "tags": [],
    "issuer": "",
    "date": 1729744821440,
    "difficulty": -1
  },
  {
    "dutch": "Dinsdag",
    "french": "mardi",
    "type": "",
    "id": 75,
    "part": "",
    "chapter": "",
    "tags": [],
    "issuer": "",
    "date": 1729744821440,
    "difficulty": -1
  },
  {
    "dutch": "Woensdag",
    "french": "mercredi",
    "type": "",
    "id": 76,
    "part": "",
    "chapter": "",
    "tags": [],
    "issuer": "",
    "date": 1729744821440,
    "difficulty": -1
  },
  {
    "dutch": "Donderdag",
    "french": "jeudi",
    "type": "",
    "id": 77,
    "part": "",
    "chapter": "",
    "tags": [],
    "issuer": "",
    "date": 1729744821441,
    "difficulty": -1
  },
  {
    "dutch": "Vrijdag",
    "french": "vendredi",
    "type": "",
    "id": 78,
    "part": "",
    "chapter": "",
    "tags": [],
    "issuer": "",
    "date": 1729744821441,
    "difficulty": -1
  },
  {
    "dutch": "Zaterdag",
    "french": "samedi",
    "type": "",
    "id": 79,
    "part": "",
    "chapter": "",
    "tags": [],
    "issuer": "",
    "date": 1729744821441,
    "difficulty": -1
  },
  {
    "dutch": "Zondag",
    "french": "dimanche",
    "type": "",
    "id": 80,
    "part": "",
    "chapter": "",
    "tags": [],
    "issuer": "",
    "date": 1729744821441,
    "difficulty": -1
  },
  {
    "dutch": "Januari",
    "french": "janvier",
    "type": "",
    "id": 81,
    "part": "",
    "chapter": "",
    "tags": [],
    "issuer": "",
    "date": 1729744821441,
    "difficulty": -1
  },
  {
    "dutch": "Februari",
    "french": "février",
    "type": "",
    "id": 82,
    "part": "",
    "chapter": "",
    "tags": [],
    "issuer": "",
    "date": 1729744821441,
    "difficulty": -1
  },
  {
    "dutch": "Maart",
    "french": "mars",
    "type": "",
    "id": 83,
    "part": "",
    "chapter": "",
    "tags": [],
    "issuer": "",
    "date": 1729744821441,
    "difficulty": -1
  },
  {
    "dutch": "April",
    "french": "avril",
    "type": "",
    "id": 84,
    "part": "",
    "chapter": "",
    "tags": [],
    "issuer": "",
    "date": 1729744821441,
    "difficulty": -1
  },
  {
    "dutch": "Mei",
    "french": "mai",
    "type": "",
    "id": 85,
    "part": "",
    "chapter": "",
    "tags": [],
    "issuer": "",
    "date": 1729744821441,
    "difficulty": -1
  },
  {
    "dutch": "Juni",
    "french": "juin",
    "type": "",
    "id": 86,
    "part": "",
    "chapter": "",
    "tags": [],
    "issuer": "",
    "date": 1729744821441,
    "difficulty": -1
  },
  {
    "dutch": "Juli",
    "french": "juillet",
    "type": "",
    "id": 87,
    "part": "",
    "chapter": "",
    "tags": [],
    "issuer": "",
    "date": 1729744821441,
    "difficulty": -1
  },
  {
    "dutch": "Augustus",
    "french": "août",
    "type": "",
    "id": 88,
    "part": "",
    "chapter": "",
    "tags": [],
    "issuer": "",
    "date": 1729744821441,
    "difficulty": -1
  },
  {
    "dutch": "September",
    "french": "septembre",
    "type": "",
    "id": 89,
    "part": "",
    "chapter": "",
    "tags": [],
    "issuer": "",
    "date": 1729744821441,
    "difficulty": -1
  },
  {
    "dutch": "Oktober",
    "french": "octobre",
    "type": "",
    "id": 90,
    "part": "",
    "chapter": "",
    "tags": [],
    "issuer": "",
    "date": 1729744821441,
    "difficulty": -1
  },
  {
    "dutch": "November",
    "french": "novembre",
    "type": "",
    "id": 91,
    "part": "",
    "chapter": "",
    "tags": [],
    "issuer": "",
    "date": 1729744821441,
    "difficulty": -1
  },
  {
    "dutch": "December",
    "french": "décembre",
    "type": "",
    "id": 92,
    "part": "",
    "chapter": "",
    "tags": [],
    "issuer": "",
    "date": 1729744821441,
    "difficulty": -1
  },
  {
    "dutch": "De lente",
    "french": "printemps",
    "type": "",
    "id": 93,
    "part": "",
    "chapter": "",
    "tags": [],
    "issuer": "",
    "date": 1729744821441,
    "difficulty": -1
  },
  {
    "dutch": "De zomer",
    "french": "été",
    "type": "",
    "id": 94,
    "part": "",
    "chapter": "",
    "tags": [],
    "issuer": "",
    "date": 1729744821441,
    "difficulty": -1
  },
  {
    "dutch": "De herfst",
    "french": "automne",
    "type": "",
    "id": 95,
    "part": "",
    "chapter": "",
    "tags": [],
    "issuer": "",
    "date": 1729744821441,
    "difficulty": -1
  },
  {
    "dutch": "De winter",
    "french": "hiver",
    "type": "",
    "id": 96,
    "part": "",
    "chapter": "",
    "tags": [],
    "issuer": "",
    "date": 1729744821441,
    "difficulty": -1
  },
  {
    "dutch": "Hele dag",
    "french": "toute la journée",
    "type": "",
    "id": 97,
    "part": "",
    "chapter": "",
    "tags": [],
    "issuer": "",
    "date": 1729744821441,
    "difficulty": -1
  },
  {
    "dutch": "Middag",
    "french": "midi",
    "type": "",
    "id": 98,
    "part": "",
    "chapter": "",
    "tags": [],
    "issuer": "",
    "date": 1729744821441,
    "difficulty": -1
  },
  {
    "dutch": "Voormiddag",
    "french": "avant-midi",
    "type": "",
    "id": 99,
    "part": "",
    "chapter": "",
    "tags": [],
    "issuer": "",
    "date": 1729744821441,
    "difficulty": -1
  },
  {
    "dutch": "Namiddag",
    "french": "après-midi",
    "type": "",
    "id": 100,
    "part": "",
    "chapter": "",
    "tags": [],
    "issuer": "",
    "date": 1729744821441,
    "difficulty": -1
  },
  {
    "dutch": "Morgen",
    "french": "demain",
    "type": "",
    "id": 101,
    "part": "",
    "chapter": "",
    "tags": [],
    "issuer": "",
    "date": 1729744821441,
    "difficulty": -1
  },
  {
    "dutch": "Vandaag",
    "french": "aujourd’hui",
    "type": "",
    "id": 102,
    "part": "",
    "chapter": "",
    "tags": [],
    "issuer": "",
    "date": 1729744821441,
    "difficulty": -1
  },
  {
    "dutch": "Gisteren",
    "french": "hier",
    "type": "",
    "id": 103,
    "part": "",
    "chapter": "",
    "tags": [],
    "issuer": "",
    "date": 1729744821441,
    "difficulty": -1
  },
  {
    "dutch": "Vanmorgen",
    "french": "ce matin",
    "type": "",
    "id": 104,
    "part": "",
    "chapter": "",
    "tags": [],
    "issuer": "",
    "date": 1729744821441,
    "difficulty": -1
  },
  {
    "dutch": "Vanavond",
    "french": "ce soir",
    "type": "",
    "id": 105,
    "part": "",
    "chapter": "",
    "tags": [],
    "issuer": "",
    "date": 1729744821441,
    "difficulty": -1
  },
  {
    "dutch": "Vanmiddag",
    "french": "cet après-midi",
    "type": "",
    "id": 106,
    "part": "",
    "chapter": "",
    "tags": [],
    "issuer": "",
    "date": 1729744821441,
    "difficulty": -1
  },
  {
    "dutch": "Laaste keer",
    "french": "la dernière fois",
    "type": "",
    "id": 107,
    "part": "",
    "chapter": "",
    "tags": [],
    "issuer": "",
    "date": 1729744821441,
    "difficulty": -1
  },
  {
    "dutch": "Vorige week",
    "french": "la semaine dernière",
    "type": "",
    "id": 108,
    "part": "",
    "chapter": "",
    "tags": [],
    "issuer": "",
    "date": 1729744821441,
    "difficulty": -1
  },
  {
    "dutch": "Op",
    "french": "sur",
    "type": "",
    "id": 109,
    "part": "",
    "chapter": "",
    "tags": [],
    "issuer": "",
    "date": 1729744821441,
    "difficulty": -1
  },
  {
    "dutch": "In",
    "french": "dans",
    "type": "",
    "id": 110,
    "part": "",
    "chapter": "",
    "tags": [],
    "issuer": "",
    "date": 1729744821441,
    "difficulty": -1
  },
  {
    "dutch": "Onder",
    "french": "sous",
    "type": "",
    "id": 111,
    "part": "",
    "chapter": "",
    "tags": [],
    "issuer": "",
    "date": 1729744821441,
    "difficulty": -1
  },
  {
    "dutch": "Naast",
    "french": "à côté de",
    "type": "",
    "id": 112,
    "part": "",
    "chapter": "",
    "tags": [],
    "issuer": "",
    "date": 1729744821441,
    "difficulty": -1
  },
  {
    "dutch": "Voor",
    "french": "avant / devant",
    "type": "",
    "id": 113,
    "part": "",
    "chapter": "",
    "tags": [],
    "issuer": "",
    "date": 1729744821441,
    "difficulty": -1
  },
  {
    "dutch": "Achter",
    "french": "derrière",
    "type": "",
    "id": 114,
    "part": "",
    "chapter": "",
    "tags": [],
    "issuer": "",
    "date": 1729744821441,
    "difficulty": -1
  },
  {
    "dutch": "Tussen",
    "french": "entre",
    "type": "",
    "id": 115,
    "part": "",
    "chapter": "",
    "tags": [],
    "issuer": "",
    "date": 1729744821441,
    "difficulty": -1
  },
  {
    "dutch": "Bij",
    "french": "chez / auprès de",
    "type": "",
    "id": 116,
    "part": "",
    "chapter": "",
    "tags": [],
    "issuer": "",
    "date": 1729744821441,
    "difficulty": -1
  },
  {
    "dutch": "Tegen",
    "french": "contre",
    "type": "",
    "id": 117,
    "part": "",
    "chapter": "",
    "tags": [],
    "issuer": "",
    "date": 1729744821441,
    "difficulty": -1
  },
  {
    "dutch": "Over",
    "french": "au-dessus de",
    "type": "",
    "id": 118,
    "part": "",
    "chapter": "",
    "tags": [],
    "issuer": "",
    "date": 1729744821441,
    "difficulty": -1
  },
  {
    "dutch": "Met",
    "french": "avec",
    "type": "",
    "id": 119,
    "part": "",
    "chapter": "",
    "tags": [],
    "issuer": "",
    "date": 1729744821441,
    "difficulty": -1
  },
  {
    "dutch": "Zonder",
    "french": "sans",
    "type": "",
    "id": 120,
    "part": "",
    "chapter": "",
    "tags": [],
    "issuer": "",
    "date": 1729744821441,
    "difficulty": -1
  },
  {
    "dutch": "Langs",
    "french": "le long de",
    "type": "",
    "id": 121,
    "part": "",
    "chapter": "",
    "tags": [],
    "issuer": "",
    "date": 1729744821441,
    "difficulty": -1
  },
  {
    "dutch": "Buiten",
    "french": "dehors",
    "type": "",
    "id": 122,
    "part": "",
    "chapter": "",
    "tags": [],
    "issuer": "",
    "date": 1729744821441,
    "difficulty": -1
  },
  {
    "dutch": "Uit",
    "french": "hors de / sorti de",
    "type": "",
    "id": 123,
    "part": "",
    "chapter": "",
    "tags": [],
    "issuer": "",
    "date": 1729744821441,
    "difficulty": -1
  },
  {
    "dutch": "Tot",
    "french": "jusqu’à",
    "type": "",
    "id": 124,
    "part": "",
    "chapter": "",
    "tags": [],
    "issuer": "",
    "date": 1729744821441,
    "difficulty": -1
  },
  {
    "dutch": "Van",
    "french": "de",
    "type": "",
    "id": 125,
    "part": "",
    "chapter": "",
    "tags": [],
    "issuer": "",
    "date": 1729744821441,
    "difficulty": -1
  },
  {
    "dutch": "Naar",
    "french": "vers",
    "type": "",
    "id": 126,
    "part": "",
    "chapter": "",
    "tags": [],
    "issuer": "",
    "date": 1729744821441,
    "difficulty": -1
  },
  {
    "dutch": "Tegenover",
    "french": "en face de",
    "type": "",
    "id": 127,
    "part": "",
    "chapter": "",
    "tags": [],
    "issuer": "",
    "date": 1729744821441,
    "difficulty": -1
  },
  {
    "dutch": "Door",
    "french": "à travers",
    "type": "",
    "id": 128,
    "part": "",
    "chapter": "",
    "tags": [],
    "issuer": "",
    "date": 1729744821441,
    "difficulty": -1
  },
  {
    "dutch": "Kaart",
    "french": "carte",
    "type": "",
    "id": 129,
    "part": "",
    "chapter": "",
    "tags": [],
    "issuer": "",
    "date": 1729744821441,
    "difficulty": -1
  },
  {
    "dutch": "Verjaardag",
    "french": "anniversaire",
    "type": "",
    "id": 130,
    "part": "",
    "chapter": "",
    "tags": [],
    "issuer": "",
    "date": 1729744821441,
    "difficulty": -1
  },
  {
    "dutch": "Geboorte",
    "french": "naissance",
    "type": "",
    "id": 131,
    "part": "",
    "chapter": "",
    "tags": [],
    "issuer": "",
    "date": 1729744821441,
    "difficulty": -1
  },
  {
    "dutch": "Gerschenk",
    "french": "cadeau",
    "type": "",
    "id": 132,
    "part": "",
    "chapter": "",
    "tags": [],
    "issuer": "",
    "date": 1729744821441,
    "difficulty": -1
  },
  {
    "dutch": "Postzegels",
    "french": "timbres",
    "type": "",
    "id": 133,
    "part": "",
    "chapter": "",
    "tags": [],
    "issuer": "",
    "date": 1729744821441,
    "difficulty": -1
  },
  {
    "dutch": "Lied",
    "french": "chanson",
    "type": "",
    "id": 134,
    "part": "",
    "chapter": "",
    "tags": [],
    "issuer": "",
    "date": 1729744821441,
    "difficulty": -1
  },
  {
    "dutch": "Proficiat",
    "french": "félicitations",
    "type": "",
    "id": 135,
    "part": "",
    "chapter": "",
    "tags": [],
    "issuer": "",
    "date": 1729744821441,
    "difficulty": -1
  },
  {
    "dutch": "Winkel",
    "french": "magasin",
    "type": "",
    "id": 136,
    "part": "",
    "chapter": "",
    "tags": [],
    "issuer": "",
    "date": 1729744821441,
    "difficulty": -1
  },
  {
    "dutch": "Beenhouwerij",
    "french": "boucherie",
    "type": "",
    "id": 137,
    "part": "",
    "chapter": "",
    "tags": [],
    "issuer": "",
    "date": 1729744821441,
    "difficulty": -1
  },
  {
    "dutch": "Luchthaven",
    "french": "aéroport",
    "type": "",
    "id": 138,
    "part": "",
    "chapter": "",
    "tags": [],
    "issuer": "",
    "date": 1729744821441,
    "difficulty": -1
  },
  {
    "dutch": "Haven",
    "french": "port",
    "type": "",
    "id": 139,
    "part": "",
    "chapter": "",
    "tags": [],
    "issuer": "",
    "date": 1729744821441,
    "difficulty": -1
  },
  {
    "dutch": "Koud",
    "french": "froid",
    "type": "",
    "id": 140,
    "part": "",
    "chapter": "",
    "tags": [],
    "issuer": "",
    "date": 1729744821441,
    "difficulty": -1
  },
  {
    "dutch": "Warm",
    "french": "chaud",
    "type": "",
    "id": 141,
    "part": "",
    "chapter": "",
    "tags": [],
    "issuer": "",
    "date": 1729744821441,
    "difficulty": -1
  },
  {
    "dutch": "Lucht",
    "french": "ciel",
    "type": "",
    "id": 142,
    "part": "",
    "chapter": "",
    "tags": [],
    "issuer": "",
    "date": 1729744821441,
    "difficulty": -1
  },
  {
    "dutch": "Feestdagen",
    "french": "jours fériés",
    "type": "",
    "id": 143,
    "part": "",
    "chapter": "",
    "tags": [],
    "issuer": "",
    "date": 1729744821441,
    "difficulty": -1
  },
  {
    "dutch": "Sluitingsdag",
    "french": "jour de fermeture",
    "type": "",
    "id": 144,
    "part": "",
    "chapter": "",
    "tags": [],
    "issuer": "",
    "date": 1729744821441,
    "difficulty": -1
  },
  {
    "dutch": "Mensen",
    "french": "gens",
    "type": "",
    "id": 145,
    "part": "",
    "chapter": "",
    "tags": [],
    "issuer": "",
    "date": 1729744821441,
    "difficulty": -1
  },
  {
    "dutch": "Iemand",
    "french": "quelqu’un",
    "type": "",
    "id": 146,
    "part": "",
    "chapter": "",
    "tags": [],
    "issuer": "",
    "date": 1729744821441,
    "difficulty": -1
  },
  {
    "dutch": "Niemand",
    "french": "personne",
    "type": "",
    "id": 147,
    "part": "",
    "chapter": "",
    "tags": [],
    "issuer": "",
    "date": 1729744821441,
    "difficulty": -1
  },
  {
    "dutch": "Geld",
    "french": "argent",
    "type": "",
    "id": 148,
    "part": "",
    "chapter": "",
    "tags": [],
    "issuer": "",
    "date": 1729744821441,
    "difficulty": -1
  },
  {
    "dutch": "Goedkoop",
    "french": "bon marché",
    "type": "",
    "id": 149,
    "part": "",
    "chapter": "",
    "tags": [],
    "issuer": "",
    "date": 1729744821442,
    "difficulty": -1
  },
  {
    "dutch": "Duur",
    "french": "cher",
    "type": "",
    "id": 150,
    "part": "",
    "chapter": "",
    "tags": [],
    "issuer": "",
    "date": 1729744821442,
    "difficulty": -1
  },
  {
    "dutch": "Wilde",
    "french": "sauvage",
    "type": "",
    "id": 151,
    "part": "",
    "chapter": "",
    "tags": [],
    "issuer": "",
    "date": 1729744821442,
    "difficulty": -1
  },
  {
    "dutch": "Dat klopt",
    "french": "c’est correct",
    "type": "",
    "id": 152,
    "part": "",
    "chapter": "",
    "tags": [],
    "issuer": "",
    "date": 1729744821442,
    "difficulty": -1
  },
  {
    "dutch": "Wablief?",
    "french": "pardon ?",
    "type": "",
    "id": 153,
    "part": "",
    "chapter": "",
    "tags": [],
    "issuer": "",
    "date": 1729744821442,
    "difficulty": -1
  },
  {
    "dutch": "Tot uw dienst",
    "french": "à votre service",
    "type": "",
    "id": 154,
    "part": "",
    "chapter": "",
    "tags": [],
    "issuer": "",
    "date": 1729744821442,
    "difficulty": -1
  },
  {
    "dutch": "Geen dank",
    "french": "de rien",
    "type": "",
    "id": 155,
    "part": "",
    "chapter": "",
    "tags": [],
    "issuer": "",
    "date": 1729744821442,
    "difficulty": -1
  },
  {
    "dutch": "Graag gedaan",
    "french": "avec plaisir",
    "type": "",
    "id": 156,
    "part": "",
    "chapter": "",
    "tags": [],
    "issuer": "",
    "date": 1729744821442,
    "difficulty": -1
  },
  {
    "dutch": "Kom binnen",
    "french": "entrez",
    "type": "",
    "id": 157,
    "part": "",
    "chapter": "",
    "tags": [],
    "issuer": "",
    "date": 1729744821442,
    "difficulty": -1
  },
  {
    "dutch": "Gelukkig maar",
    "french": "heureusement que",
    "type": "",
    "id": 158,
    "part": "",
    "chapter": "",
    "tags": [],
    "issuer": "",
    "date": 1729744821442,
    "difficulty": -1
  },
  {
    "dutch": "Zeker",
    "french": "certainement",
    "type": "",
    "id": 159,
    "part": "",
    "chapter": "",
    "tags": [],
    "issuer": "",
    "date": 1729744821442,
    "difficulty": -1
  },
  {
    "dutch": "Pas op",
    "french": "fais attention",
    "type": "",
    "id": 160,
    "part": "",
    "chapter": "",
    "tags": [],
    "issuer": "",
    "date": 1729744821442,
    "difficulty": -1
  },
  {
    "dutch": "Ik houd (niet van)",
    "french": "j’aime (je n’aime pas)",
    "type": "",
    "id": 161,
    "part": "",
    "chapter": "",
    "tags": [],
    "issuer": "",
    "date": 1729744821442,
    "difficulty": -1
  },
  {
    "dutch": "Ik haat",
    "french": "je déteste",
    "type": "",
    "id": 162,
    "part": "",
    "chapter": "",
    "tags": [],
    "issuer": "",
    "date": 1729744821442,
    "difficulty": -1
  },
  {
    "dutch": "Ik ook",
    "french": "moi aussi",
    "type": "",
    "id": 163,
    "part": "",
    "chapter": "",
    "tags": [],
    "issuer": "",
    "date": 1729744821442,
    "difficulty": -1
  },
  {
    "dutch": "Niet / Geen",
    "french": "pas / aucun",
    "type": "",
    "id": 164,
    "part": "",
    "chapter": "",
    "tags": [],
    "issuer": "",
    "date": 1729744821442,
    "difficulty": -1
  },
  {
    "dutch": "Misschien",
    "french": "peut-être",
    "type": "",
    "id": 165,
    "part": "",
    "chapter": "",
    "tags": [],
    "issuer": "",
    "date": 1729744821442,
    "difficulty": -1
  },
  {
    "dutch": "Bijna",
    "french": "presque",
    "type": "",
    "id": 166,
    "part": "",
    "chapter": "",
    "tags": [],
    "issuer": "",
    "date": 1729744821442,
    "difficulty": -1
  },
  {
    "dutch": "Even veel",
    "french": "autant",
    "type": "",
    "id": 167,
    "part": "",
    "chapter": "",
    "tags": [],
    "issuer": "",
    "date": 1729744821442,
    "difficulty": -1
  },
  {
    "dutch": "Meer",
    "french": "plus",
    "type": "",
    "id": 168,
    "part": "",
    "chapter": "",
    "tags": [],
    "issuer": "",
    "date": 1729744821442,
    "difficulty": -1
  },
  {
    "dutch": "Nooit meer",
    "french": "plus jamais",
    "type": "",
    "id": 169,
    "part": "",
    "chapter": "",
    "tags": [],
    "issuer": "",
    "date": 1729744821442,
    "difficulty": -1
  },
  {
    "dutch": "Dat is spijtig",
    "french": "c’est dommage",
    "type": "",
    "id": 170,
    "part": "",
    "chapter": "",
    "tags": [],
    "issuer": "",
    "date": 1729744821447,
    "difficulty": -1
  }
]