[
  {
    "dutch": "gaan",
    "french": "aller",
    "type": "irrégulier",
    "id": 1,
    "part": "",
    "chapter": "",
    "tags": [],
    "issuer": "",
    "date": 1729744821435,
    "difficulty": -1
  },
  {
    "dutch": "lezen",
    "french": "lire",
    "type": "irrégulier",
    "id": 2,
    "part": "",
    "chapter": "",
    "tags": [],
    "issuer": "",
    "date": 1729744821435,
    "difficulty": -1
  },
  {
    "dutch": "lachen",
    "french": "rire",
    "type": "irrégulier",
    "id": 3,
    "part": "",
    "chapter": "",
    "tags": [],
    "issuer": "",
    "date": 1729744821435,
    "difficulty": -1
  },
  {
    "dutch": "bellen",
    "french": "appeler",
    "type": "régulier",
    "id": 4,
    "part": "",
    "chapter": "",
    "tags": [],
    "issuer": "",
    "date": 1729744821435,
    "difficulty": -1
  },
  {
    "dutch": "vertrekken",
    "french": "partir",
    "type": "irrégulier",
    "id": 5,
    "part": "",
    "chapter": "",
    "tags": [],
    "issuer": "",
    "date": 1729744821435,
    "difficulty": -1
  },
  {
    "dutch": "krijgen",
    "french": "recevoir",
    "type": "irrégulier",
    "id": 6,
    "part": "",
    "chapter": "",
    "tags": [],
    "issuer": "",
    "date": 1729744821435,
    "difficulty": -1
  },
  {
    "dutch": "schrijven",
    "french": "écrire",
    "type": "irrégulier",
    "id": 7,
    "part": "",
    "chapter": "",
    "tags": [],
    "issuer": "",
    "date": 1729744821435,
    "difficulty": -1
  },
  {
    "dutch": "zeggen",
    "french": "dire",
    "type": "irrégulier",
    "id": 8,
    "part": "",
    "chapter": "",
    "tags": [],
    "issuer": "",
    "date": 1729744821435,
    "difficulty": -1
  },
  {
    "dutch": "ik",
    "french": "je",
    "type": "N/A",
    "id": 9,
    "part": "",
    "chapter": "",
    "tags": [],
    "issuer": "",
    "date": 1729744821436,
    "difficulty": -1
  },
  {
    "dutch": "jij",
    "french": "tu",
    "type": "N/A",
    "id": 10,
    "part": "",
    "chapter": "",
    "tags": [],
    "issuer": "",
    "date": 1729744821436,
    "difficulty": -1
  },
  {
    "dutch": "hij",
    "french": "il",
    "type": "N/A",
    "id": 11,
    "part": "",
    "chapter": "",
    "tags": [],
    "issuer": "",
    "date": 1729744821436,
    "difficulty": -1
  },
  {
    "dutch": "zij",
    "french": "elle",
    "type": "N/A",
    "id": 12,
    "part": "",
    "chapter": "",
    "tags": [],
    "issuer": "",
    "date": 1729744821436,
    "difficulty": -1
  },
  {
    "dutch": "wij",
    "french": "nous",
    "type": "N/A",
    "id": 13,
    "part": "",
    "chapter": "",
    "tags": [],
    "issuer": "",
    "date": 1729744821436,
    "difficulty": -1
  },
  {
    "dutch": "jullie",
    "french": "vous",
    "type": "N/A",
    "id": 14,
    "part": "",
    "chapter": "",
    "tags": [],
    "issuer": "",
    "date": 1729744821436,
    "difficulty": -1
  },
  {
    "dutch": "zij",
    "french": "ils/elles",
    "type": "N/A",
    "id": 15,
    "part": "",
    "chapter": "",
    "tags": [],
    "issuer": "",
    "date": 1729744821436,
    "difficulty": -1
  },
  {
    "dutch": "huis",
    "french": "maison",
    "type": "N/A",
    "id": 16,
    "part": "",
    "chapter": "",
    "tags": [],
    "issuer": "",
    "date": 1729744821436,
    "difficulty": -1
  },
  {
    "dutch": "geld",
    "french": "argent",
    "type": "N/A",
    "id": 17,
    "part": "",
    "chapter": "",
    "tags": [],
    "issuer": "",
    "date": 1729744821436,
    "difficulty": -1
  },
  {
    "dutch": "op",
    "french": "sur",
    "type": "préposition",
    "id": 18,
    "part": "",
    "chapter": "",
    "tags": [],
    "issuer": "",
    "date": 1729744821436,
    "difficulty": -1
  },
  {
    "dutch": "in",
    "french": "dans",
    "type": "préposition",
    "id": 19,
    "part": "",
    "chapter": "",
    "tags": [],
    "issuer": "",
    "date": 1729744821436,
    "difficulty": -1
  },
  {
    "dutch": "onder",
    "french": "sous",
    "type": "préposition",
    "id": 20,
    "part": "",
    "chapter": "",
    "tags": [],
    "issuer": "",
    "date": 1729744821436,
    "difficulty": -1
  },
  {
    "dutch": "voor",
    "french": "devant/pour",
    "type": "préposition",
    "id": 21,
    "part": "",
    "chapter": "",
    "tags": [],
    "issuer": "",
    "date": 1729744821436,
    "difficulty": -1
  },
  {
    "dutch": "achter",
    "french": "derrière",
    "type": "préposition",
    "id": 22,
    "part": "",
    "chapter": "",
    "tags": [],
    "issuer": "",
    "date": 1729744821436,
    "difficulty": -1
  },
  {
    "dutch": "naast",
    "french": "à côté de",
    "type": "préposition",
    "id": 23,
    "part": "",
    "chapter": "",
    "tags": [],
    "issuer": "",
    "date": 1729744821436,
    "difficulty": -1
  },
  {
    "dutch": "tussen",
    "french": "entre",
    "type": "préposition",
    "id": 24,
    "part": "",
    "chapter": "",
    "tags": [],
    "issuer": "",
    "date": 1729744821445,
    "difficulty": -1
  }
]