[
  {
    "dutch": "In welk jaar ben je geboren?",
    "french": "En quelle année es-tu né(e) ?",
    "type": "",
    "id": 1,
    "part": "",
    "chapter": "",
    "tags": [],
    "issuer": "",
    "date": 1729744821436,
    "difficulty": -1
  },
  {
    "dutch": "In welke maand ben je geboren?",
    "french": "Dans quel mois es-tu né(e) ?",
    "type": "",
    "id": 2,
    "part": "",
    "chapter": "",
    "tags": [],
    "issuer": "",
    "date": 1729744821437,
    "difficulty": -1
  },
  {
    "dutch": "Hoe heet je?",
    "french": "Comment tu t'appelles ?",
    "type": "",
    "id": 3,
    "part": "",
    "chapter": "",
    "tags": [],
    "issuer": "",
    "date": 1729744821437,
    "difficulty": -1
  },
  {
    "dutch": "Hoe oud ben jij?",
    "french": "Quel âge as-tu ?",
    "type": "",
    "id": 4,
    "part": "",
    "chapter": "",
    "tags": [],
    "issuer": "",
    "date": 1729744821437,
    "difficulty": -1
  },
  {
    "dutch": "Waar woon je?",
    "french": "Où habites-tu ?",
    "type": "",
    "id": 5,
    "part": "",
    "chapter": "",
    "tags": [],
    "issuer": "",
    "date": 1729744821437,
    "difficulty": -1
  },
  {
    "dutch": "Uit welk land kom je?",
    "french": "De quel pays viens-tu ?",
    "type": "",
    "id": 6,
    "part": "",
    "chapter": "",
    "tags": [],
    "issuer": "",
    "date": 1729744821437,
    "difficulty": -1
  },
  {
    "dutch": "Welke talen spreek je?",
    "french": "Quelles langues parles-tu ?",
    "type": "",
    "id": 7,
    "part": "",
    "chapter": "",
    "tags": [],
    "issuer": "",
    "date": 1729744821437,
    "difficulty": -1
  },
  {
    "dutch": "Hoelang woon je in België?",
    "french": "Depuis combien de temps habites-tu en Belgique ?",
    "type": "",
    "id": 8,
    "part": "",
    "chapter": "",
    "tags": [],
    "issuer": "",
    "date": 1729744821437,
    "difficulty": -1
  },
  {
    "dutch": "Hoe kom je naar school?",
    "french": "Comment viens-tu à l'école ?",
    "type": "",
    "id": 9,
    "part": "",
    "chapter": "",
    "tags": [],
    "issuer": "",
    "date": 1729744821437,
    "difficulty": -1
  },
  {
    "dutch": "Ben je getrouwd?",
    "french": "Es-tu marié ?",
    "type": "",
    "id": 10,
    "part": "",
    "chapter": "",
    "tags": [],
    "issuer": "",
    "date": 1729744821437,
    "difficulty": -1
  },
  {
    "dutch": "Heb je kinderen?",
    "french": "As-tu des enfants ?",
    "type": "",
    "id": 11,
    "part": "",
    "chapter": "",
    "tags": [],
    "issuer": "",
    "date": 1729744821437,
    "difficulty": -1
  },
  {
    "dutch": "Heb jij broers en zussen?",
    "french": "As-tu des frères et sœurs ?",
    "type": "",
    "id": 12,
    "part": "",
    "chapter": "",
    "tags": [],
    "issuer": "",
    "date": 1729744821437,
    "difficulty": -1
  },
  {
    "dutch": "Heb je huisdieren?",
    "french": "As-tu des animaux de compagnie ?",
    "type": "",
    "id": 13,
    "part": "",
    "chapter": "",
    "tags": [],
    "issuer": "",
    "date": 1729744821446,
    "difficulty": -1
  }
]