[
  {
    "dutch": "zijn",
    "french": "être",
    "type": "irrégulier",
    "id": 1,
    "part": "",
    "chapter": "",
    "tags": [],
    "issuer": "",
    "date": 1729744821443,
    "difficulty": -1
  },
  {
    "dutch": "hebben",
    "french": "avoir",
    "type": "irrégulier",
    "id": 2,
    "part": "",
    "chapter": "",
    "tags": [],
    "issuer": "",
    "date": 1729744821443,
    "difficulty": -1
  },
  {
    "dutch": "doen",
    "french": "faire",
    "type": "irrégulier",
    "id": 3,
    "part": "",
    "chapter": "",
    "tags": [],
    "issuer": "",
    "date": 1729744821443,
    "difficulty": -1
  },
  {
    "dutch": "zien",
    "french": "voir",
    "type": "irrégulier",
    "id": 4,
    "part": "",
    "chapter": "",
    "tags": [],
    "issuer": "",
    "date": 1729744821443,
    "difficulty": -1
  },
  {
    "dutch": "staan",
    "french": "être debout",
    "type": "irrégulier",
    "id": 5,
    "part": "",
    "chapter": "",
    "tags": [],
    "issuer": "",
    "date": 1729744821443,
    "difficulty": -1
  },
  {
    "dutch": "zitten",
    "french": "être assis",
    "type": "irrégulier",
    "id": 6,
    "part": "",
    "chapter": "",
    "tags": [],
    "issuer": "",
    "date": 1729744821443,
    "difficulty": -1
  },
  {
    "dutch": "liggen",
    "french": "être couché",
    "type": "irrégulier",
    "id": 7,
    "part": "",
    "chapter": "",
    "tags": [],
    "issuer": "",
    "date": 1729744821443,
    "difficulty": -1
  },
  {
    "dutch": "lopen",
    "french": "marcher",
    "type": "irrégulier",
    "id": 8,
    "part": "",
    "chapter": "",
    "tags": [],
    "issuer": "",
    "date": 1729744821443,
    "difficulty": -1
  },
  {
    "dutch": "komen",
    "french": "venir",
    "type": "irrégulier",
    "id": 9,
    "part": "",
    "chapter": "",
    "tags": [],
    "issuer": "",
    "date": 1729744821443,
    "difficulty": -1
  },
  {
    "dutch": "geven",
    "french": "donner",
    "type": "irrégulier",
    "id": 10,
    "part": "",
    "chapter": "",
    "tags": [],
    "issuer": "",
    "date": 1729744821443,
    "difficulty": -1
  },
  {
    "dutch": "werken",
    "french": "travailler",
    "type": "régulier",
    "id": 11,
    "part": "",
    "chapter": "",
    "tags": [],
    "issuer": "",
    "date": 1729744821443,
    "difficulty": -1
  },
  {
    "dutch": "luisteren",
    "french": "écouter",
    "type": "régulier",
    "id": 12,
    "part": "",
    "chapter": "",
    "tags": [],
    "issuer": "",
    "date": 1729744821443,
    "difficulty": -1
  },
  {
    "dutch": "koken",
    "french": "cuisiner",
    "type": "régulier",
    "id": 13,
    "part": "",
    "chapter": "",
    "tags": [],
    "issuer": "",
    "date": 1729744821443,
    "difficulty": -1
  },
  {
    "dutch": "wonen",
    "french": "habiter",
    "type": "régulier",
    "id": 14,
    "part": "",
    "chapter": "",
    "tags": [],
    "issuer": "",
    "date": 1729744821443,
    "difficulty": -1
  },
  {
    "dutch": "studeren",
    "french": "étudier",
    "type": "régulier",
    "id": 15,
    "part": "",
    "chapter": "",
    "tags": [],
    "issuer": "",
    "date": 1729744821443,
    "difficulty": -1
  },
  {
    "dutch": "slapen",
    "french": "dormir",
    "type": "régulier",
    "id": 16,
    "part": "",
    "chapter": "",
    "tags": [],
    "issuer": "",
    "date": 1729744821443,
    "difficulty": -1
  },
  {
    "dutch": "rijden",
    "french": "conduire",
    "type": "irrégulier",
    "id": 17,
    "part": "",
    "chapter": "",
    "tags": [],
    "issuer": "",
    "date": 1729744821443,
    "difficulty": -1
  },
  {
    "dutch": "vriend",
    "french": "ami",
    "type": "N/A",
    "id": 18,
    "part": "",
    "chapter": "",
    "tags": [],
    "issuer": "",
    "date": 1729744821443,
    "difficulty": -1
  },
  {
    "dutch": "boek",
    "french": "livre",
    "type": "N/A",
    "id": 19,
    "part": "",
    "chapter": "",
    "tags": [],
    "issuer": "",
    "date": 1729744821443,
    "difficulty": -1
  },
  {
    "dutch": "auto",
    "french": "voiture",
    "type": "N/A",
    "id": 20,
    "part": "",
    "chapter": "",
    "tags": [],
    "issuer": "",
    "date": 1729744821443,
    "difficulty": -1
  },
  {
    "dutch": "fiets",
    "french": "vélo",
    "type": "N/A",
    "id": 21,
    "part": "",
    "chapter": "",
    "tags": [],
    "issuer": "",
    "date": 1729744821443,
    "difficulty": -1
  },
  {
    "dutch": "straat",
    "french": "rue",
    "type": "N/A",
    "id": 22,
    "part": "",
    "chapter": "",
    "tags": [],
    "issuer": "",
    "date": 1729744821443,
    "difficulty": -1
  },
  {
    "dutch": "dag",
    "french": "jour",
    "type": "N/A",
    "id": 23,
    "part": "",
    "chapter": "",
    "tags": [],
    "issuer": "",
    "date": 1729744821443,
    "difficulty": -1
  },
  {
    "dutch": "nacht",
    "french": "nuit",
    "type": "N/A",
    "id": 24,
    "part": "",
    "chapter": "",
    "tags": [],
    "issuer": "",
    "date": 1729744821443,
    "difficulty": -1
  },
  {
    "dutch": "maand",
    "french": "mois",
    "type": "N/A",
    "id": 25,
    "part": "",
    "chapter": "",
    "tags": [],
    "issuer": "",
    "date": 1729744821443,
    "difficulty": -1
  },
  {
    "dutch": "jaar",
    "french": "année",
    "type": "N/A",
    "id": 26,
    "part": "",
    "chapter": "",
    "tags": [],
    "issuer": "",
    "date": 1729744821443,
    "difficulty": -1
  },
  {
    "dutch": "kind",
    "french": "enfant",
    "type": "N/A",
    "id": 27,
    "part": "",
    "chapter": "",
    "tags": [],
    "issuer": "",
    "date": 1729744821443,
    "difficulty": -1
  },
  {
    "dutch": "bij",
    "french": "chez",
    "type": "préposition",
    "id": 28,
    "part": "",
    "chapter": "",
    "tags": [],
    "issuer": "",
    "date": 1729744821443,
    "difficulty": -1
  },
  {
    "dutch": "tegen",
    "french": "contre",
    "type": "préposition",
    "id": 29,
    "part": "",
    "chapter": "",
    "tags": [],
    "issuer": "",
    "date": 1729744821443,
    "difficulty": -1
  },
  {
    "dutch": "met",
    "french": "avec",
    "type": "préposition",
    "id": 30,
    "part": "",
    "chapter": "",
    "tags": [],
    "issuer": "",
    "date": 1729744821443,
    "difficulty": -1
  },
  {
    "dutch": "zonder",
    "french": "sans",
    "type": "préposition",
    "id": 31,
    "part": "",
    "chapter": "",
    "tags": [],
    "issuer": "",
    "date": 1729744821443,
    "difficulty": -1
  },
  {
    "dutch": "om",
    "french": "autour de",
    "type": "préposition",
    "id": 32,
    "part": "",
    "chapter": "",
    "tags": [],
    "issuer": "",
    "date": 1729744821443,
    "difficulty": -1
  },
  {
    "dutch": "over",
    "french": "sur / au-dessus de",
    "type": "préposition",
    "id": 33,
    "part": "",
    "chapter": "",
    "tags": [],
    "issuer": "",
    "date": 1729744821443,
    "difficulty": -1
  },
  {
    "dutch": "door",
    "french": "à travers",
    "type": "préposition",
    "id": 34,
    "part": "",
    "chapter": "",
    "tags": [],
    "issuer": "",
    "date": 1729744821443,
    "difficulty": -1
  },
  {
    "dutch": "naast",
    "french": "à côté de",
    "type": "préposition",
    "id": 35,
    "part": "",
    "chapter": "",
    "tags": [],
    "issuer": "",
    "date": 1729744821443,
    "difficulty": -1
  },
  {
    "dutch": "tussen",
    "french": "entre",
    "type": "préposition",
    "id": 36,
    "part": "",
    "chapter": "",
    "tags": [],
    "issuer": "",
    "date": 1729744821443,
    "difficulty": -1
  },
  {
    "dutch": "gaan",
    "french": "aller",
    "type": "irrégulier",
    "id": 37,
    "part": "",
    "chapter": "",
    "tags": [],
    "issuer": "",
    "date": 1729744821443,
    "difficulty": -1
  },
  {
    "dutch": "lezen",
    "french": "lire",
    "type": "irrégulier",
    "id": 38,
    "part": "",
    "chapter": "",
    "tags": [],
    "issuer": "",
    "date": 1729744821443,
    "difficulty": -1
  },
  {
    "dutch": "lachen",
    "french": "rire",
    "type": "irrégulier",
    "id": 39,
    "part": "",
    "chapter": "",
    "tags": [],
    "issuer": "",
    "date": 1729744821443,
    "difficulty": -1
  },
  {
    "dutch": "bellen",
    "french": "appeler",
    "type": "régulier",
    "id": 40,
    "part": "",
    "chapter": "",
    "tags": [],
    "issuer": "",
    "date": 1729744821443,
    "difficulty": -1
  },
  {
    "dutch": "vertrekken",
    "french": "partir",
    "type": "irrégulier",
    "id": 41,
    "part": "",
    "chapter": "",
    "tags": [],
    "issuer": "",
    "date": 1729744821443,
    "difficulty": -1
  },
  {
    "dutch": "krijgen",
    "french": "recevoir",
    "type": "irrégulier",
    "id": 42,
    "part": "",
    "chapter": "",
    "tags": [],
    "issuer": "",
    "date": 1729744821443,
    "difficulty": -1
  },
  {
    "dutch": "schrijven",
    "french": "écrire",
    "type": "irrégulier",
    "id": 43,
    "part": "",
    "chapter": "",
    "tags": [],
    "issuer": "",
    "date": 1729744821443,
    "difficulty": -1
  },
  {
    "dutch": "zeggen",
    "french": "dire",
    "type": "irrégulier",
    "id": 44,
    "part": "",
    "chapter": "",
    "tags": [],
    "issuer": "",
    "date": 1729744821443,
    "difficulty": -1
  },
  {
    "dutch": "ik",
    "french": "je",
    "type": "N/A",
    "id": 45,
    "part": "",
    "chapter": "",
    "tags": [],
    "issuer": "",
    "date": 1729744821443,
    "difficulty": -1
  },
  {
    "dutch": "jij",
    "french": "tu",
    "type": "N/A",
    "id": 46,
    "part": "",
    "chapter": "",
    "tags": [],
    "issuer": "",
    "date": 1729744821443,
    "difficulty": -1
  },
  {
    "dutch": "hij",
    "french": "il",
    "type": "N/A",
    "id": 47,
    "part": "",
    "chapter": "",
    "tags": [],
    "issuer": "",
    "date": 1729744821443,
    "difficulty": -1
  },
  {
    "dutch": "zij",
    "french": "elle",
    "type": "N/A",
    "id": 48,
    "part": "",
    "chapter": "",
    "tags": [],
    "issuer": "",
    "date": 1729744821443,
    "difficulty": -1
  },
  {
    "dutch": "wij",
    "french": "nous",
    "type": "N/A",
    "id": 49,
    "part": "",
    "chapter": "",
    "tags": [],
    "issuer": "",
    "date": 1729744821443,
    "difficulty": -1
  },
  {
    "dutch": "jullie",
    "french": "vous",
    "type": "N/A",
    "id": 50,
    "part": "",
    "chapter": "",
    "tags": [],
    "issuer": "",
    "date": 1729744821443,
    "difficulty": -1
  },
  {
    "dutch": "zij",
    "french": "ils/elles",
    "type": "N/A",
    "id": 51,
    "part": "",
    "chapter": "",
    "tags": [],
    "issuer": "",
    "date": 1729744821443,
    "difficulty": -1
  },
  {
    "dutch": "huis",
    "french": "maison",
    "type": "N/A",
    "id": 52,
    "part": "",
    "chapter": "",
    "tags": [],
    "issuer": "",
    "date": 1729744821443,
    "difficulty": -1
  },
  {
    "dutch": "geld",
    "french": "argent",
    "type": "N/A",
    "id": 53,
    "part": "",
    "chapter": "",
    "tags": [],
    "issuer": "",
    "date": 1729744821443,
    "difficulty": -1
  },
  {
    "dutch": "op",
    "french": "sur",
    "type": "préposition",
    "id": 54,
    "part": "",
    "chapter": "",
    "tags": [],
    "issuer": "",
    "date": 1729744821444,
    "difficulty": -1
  },
  {
    "dutch": "in",
    "french": "dans",
    "type": "préposition",
    "id": 55,
    "part": "",
    "chapter": "",
    "tags": [],
    "issuer": "",
    "date": 1729744821444,
    "difficulty": -1
  },
  {
    "dutch": "onder",
    "french": "sous",
    "type": "préposition",
    "id": 56,
    "part": "",
    "chapter": "",
    "tags": [],
    "issuer": "",
    "date": 1729744821444,
    "difficulty": -1
  },
  {
    "dutch": "voor",
    "french": "devant/pour",
    "type": "préposition",
    "id": 57,
    "part": "",
    "chapter": "",
    "tags": [],
    "issuer": "",
    "date": 1729744821444,
    "difficulty": -1
  },
  {
    "dutch": "achter",
    "french": "derrière",
    "type": "préposition",
    "id": 58,
    "part": "",
    "chapter": "",
    "tags": [],
    "issuer": "",
    "date": 1729744821444,
    "difficulty": -1
  }
]