[
  {
    "dutch": "oma / grootmoeder",
    "french": "grand-mère",
    "type": "",
    "id": 1,
    "part": "",
    "chapter": "",
    "tags": [],
    "issuer": "",
    "date": 1729744821444,
    "difficulty": -1
  },
  {
    "dutch": "opa / grootvader",
    "french": "grand-père",
    "type": "",
    "id": 2,
    "part": "",
    "chapter": "",
    "tags": [],
    "issuer": "",
    "date": 1729744821444,
    "difficulty": -1
  },
  {
    "dutch": "moeder",
    "french": "mère",
    "type": "",
    "id": 3,
    "part": "",
    "chapter": "",
    "tags": [],
    "issuer": "",
    "date": 1729744821444,
    "difficulty": -1
  },
  {
    "dutch": "vader",
    "french": "père",
    "type": "",
    "id": 4,
    "part": "",
    "chapter": "",
    "tags": [],
    "issuer": "",
    "date": 1729744821444,
    "difficulty": -1
  },
  {
    "dutch": "oom",
    "french": "oncle",
    "type": "",
    "id": 5,
    "part": "",
    "chapter": "",
    "tags": [],
    "issuer": "",
    "date": 1729744821444,
    "difficulty": -1
  },
  {
    "dutch": "tante",
    "french": "tante",
    "type": "",
    "id": 6,
    "part": "",
    "chapter": "",
    "tags": [],
    "issuer": "",
    "date": 1729744821444,
    "difficulty": -1
  },
  {
    "dutch": "neef",
    "french": "cousin",
    "type": "",
    "id": 7,
    "part": "",
    "chapter": "",
    "tags": [],
    "issuer": "",
    "date": 1729744821444,
    "difficulty": -1
  },
  {
    "dutch": "nicht",
    "french": "cousine",
    "type": "",
    "id": 8,
    "part": "",
    "chapter": "",
    "tags": [],
    "issuer": "",
    "date": 1729744821444,
    "difficulty": -1
  },
  {
    "dutch": "tweeling",
    "french": "jumeaux / jumelles",
    "type": "",
    "id": 9,
    "part": "",
    "chapter": "",
    "tags": [],
    "issuer": "",
    "date": 1729744821444,
    "difficulty": -1
  },
  {
    "dutch": "stiefbroer",
    "french": "beau-frère (remariage)",
    "type": "",
    "id": 10,
    "part": "",
    "chapter": "",
    "tags": [],
    "issuer": "",
    "date": 1729744821444,
    "difficulty": -1
  },
  {
    "dutch": "schoonbroer",
    "french": "beau-frère",
    "type": "",
    "id": 11,
    "part": "",
    "chapter": "",
    "tags": [],
    "issuer": "",
    "date": 1729744821444,
    "difficulty": -1
  },
  {
    "dutch": "halfbroer",
    "french": "demi-frère",
    "type": "",
    "id": 12,
    "part": "",
    "chapter": "",
    "tags": [],
    "issuer": "",
    "date": 1729744821444,
    "difficulty": -1
  },
  {
    "dutch": "stiefzus",
    "french": "belle-sœur (remariage)",
    "type": "",
    "id": 13,
    "part": "",
    "chapter": "",
    "tags": [],
    "issuer": "",
    "date": 1729744821444,
    "difficulty": -1
  },
  {
    "dutch": "schoonzus",
    "french": "belle-sœur",
    "type": "",
    "id": 14,
    "part": "",
    "chapter": "",
    "tags": [],
    "issuer": "",
    "date": 1729744821444,
    "difficulty": -1
  },
  {
    "dutch": "halfzus",
    "french": "demi-sœur",
    "type": "",
    "id": 15,
    "part": "",
    "chapter": "",
    "tags": [],
    "issuer": "",
    "date": 1729744821444,
    "difficulty": -1
  },
  {
    "dutch": "stiefmoeder",
    "french": "belle-mère (remariage)",
    "type": "",
    "id": 16,
    "part": "",
    "chapter": "",
    "tags": [],
    "issuer": "",
    "date": 1729744821444,
    "difficulty": -1
  },
  {
    "dutch": "schoonmoeder",
    "french": "belle-mère",
    "type": "",
    "id": 17,
    "part": "",
    "chapter": "",
    "tags": [],
    "issuer": "",
    "date": 1729744821444,
    "difficulty": -1
  },
  {
    "dutch": "kat",
    "french": "chat",
    "type": "",
    "id": 18,
    "part": "",
    "chapter": "",
    "tags": [],
    "issuer": "",
    "date": 1729744821444,
    "difficulty": -1
  },
  {
    "dutch": "hond",
    "french": "chien",
    "type": "",
    "id": 19,
    "part": "",
    "chapter": "",
    "tags": [],
    "issuer": "",
    "date": 1729744821444,
    "difficulty": -1
  },
  {
    "dutch": "vis",
    "french": "poisson",
    "type": "",
    "id": 20,
    "part": "",
    "chapter": "",
    "tags": [],
    "issuer": "",
    "date": 1729744821444,
    "difficulty": -1
  },
  {
    "dutch": "huisdieren",
    "french": "animaux de compagnie",
    "type": "",
    "id": 21,
    "part": "",
    "chapter": "",
    "tags": [],
    "issuer": "",
    "date": 1729744821444,
    "difficulty": -1
  },
  {
    "dutch": "wit",
    "french": "blanc",
    "type": "",
    "id": 22,
    "part": "",
    "chapter": "",
    "tags": [],
    "issuer": "",
    "date": 1729744821444,
    "difficulty": -1
  },
  {
    "dutch": "zwart",
    "french": "noir",
    "type": "",
    "id": 23,
    "part": "",
    "chapter": "",
    "tags": [],
    "issuer": "",
    "date": 1729744821444,
    "difficulty": -1
  },
  {
    "dutch": "rood",
    "french": "rouge",
    "type": "",
    "id": 24,
    "part": "",
    "chapter": "",
    "tags": [],
    "issuer": "",
    "date": 1729744821444,
    "difficulty": -1
  },
  {
    "dutch": "blauw",
    "french": "bleu",
    "type": "",
    "id": 25,
    "part": "",
    "chapter": "",
    "tags": [],
    "issuer": "",
    "date": 1729744821444,
    "difficulty": -1
  },
  {
    "dutch": "geel",
    "french": "jaune",
    "type": "",
    "id": 26,
    "part": "",
    "chapter": "",
    "tags": [],
    "issuer": "",
    "date": 1729744821444,
    "difficulty": -1
  },
  {
    "dutch": "oranje",
    "french": "orange",
    "type": "",
    "id": 27,
    "part": "",
    "chapter": "",
    "tags": [],
    "issuer": "",
    "date": 1729744821444,
    "difficulty": -1
  },
  {
    "dutch": "grijs",
    "french": "gris",
    "type": "",
    "id": 28,
    "part": "",
    "chapter": "",
    "tags": [],
    "issuer": "",
    "date": 1729744821444,
    "difficulty": -1
  },
  {
    "dutch": "groen",
    "french": "vert",
    "type": "",
    "id": 29,
    "part": "",
    "chapter": "",
    "tags": [],
    "issuer": "",
    "date": 1729744821444,
    "difficulty": -1
  },
  {
    "dutch": "nooit",
    "french": "jamais",
    "type": "",
    "id": 30,
    "part": "",
    "chapter": "",
    "tags": [],
    "issuer": "",
    "date": 1729744821444,
    "difficulty": -1
  },
  {
    "dutch": "soms",
    "french": "parfois",
    "type": "",
    "id": 31,
    "part": "",
    "chapter": "",
    "tags": [],
    "issuer": "",
    "date": 1729744821444,
    "difficulty": -1
  },
  {
    "dutch": "vaak",
    "french": "souvent",
    "type": "",
    "id": 32,
    "part": "",
    "chapter": "",
    "tags": [],
    "issuer": "",
    "date": 1729744821444,
    "difficulty": -1
  },
  {
    "dutch": "altijd",
    "french": "toujours",
    "type": "",
    "id": 33,
    "part": "",
    "chapter": "",
    "tags": [],
    "issuer": "",
    "date": 1729744821444,
    "difficulty": -1
  },
  {
    "dutch": "er is",
    "french": "il y a (singulier)",
    "type": "",
    "id": 34,
    "part": "",
    "chapter": "",
    "tags": [],
    "issuer": "",
    "date": 1729744821444,
    "difficulty": -1
  },
  {
    "dutch": "er zijn",
    "french": "il y a (pluriel)",
    "type": "",
    "id": 35,
    "part": "",
    "chapter": "",
    "tags": [],
    "issuer": "",
    "date": 1729744821444,
    "difficulty": -1
  },
  {
    "dutch": "snel",
    "french": "vite",
    "type": "",
    "id": 36,
    "part": "",
    "chapter": "",
    "tags": [],
    "issuer": "",
    "date": 1729744821444,
    "difficulty": -1
  },
  {
    "dutch": "langzaam",
    "french": "lentement",
    "type": "",
    "id": 37,
    "part": "",
    "chapter": "",
    "tags": [],
    "issuer": "",
    "date": 1729744821444,
    "difficulty": -1
  },
  {
    "dutch": "grens",
    "french": "frontière",
    "type": "",
    "id": 38,
    "part": "",
    "chapter": "",
    "tags": [],
    "issuer": "",
    "date": 1729744821444,
    "difficulty": -1
  },
  {
    "dutch": "jam",
    "french": "confiture",
    "type": "",
    "id": 39,
    "part": "",
    "chapter": "",
    "tags": [],
    "issuer": "",
    "date": 1729744821447,
    "difficulty": -1
  }
]